[
  {
    "_id": "580498270f7921e41c7f8395",
    "_type": "article",
    "_parentId": "580498270f7921e41c7f8394",
    "_isAvailable": true,
    "_isOptional": false,
    "_classes": "adapt",
    "body": "<p>E-learning - Adapt</p>\n",
    "displayTitle": "E-Learning by our view",
    "title": "E-Learning by our view",
    "_assessment": {
      "_isEnabled": false,
      "_id": "welcome",
      "_banks": {
        "_isEnabled": false,
        "_split": "",
        "_randomisation": false
      },
      "_randomisation": {
        "_isEnabled": false,
        "_blockCount": 1
      },
      "_questions": {
        "_resetType": "soft",
        "_canShowFeedback": false,
        "_canShowMarking": false,
        "_canShowModelAnswer": false
      },
      "_isPercentageBased": false,
      "_scoreToPass": 60,
      "_includeInTotalScore": false,
      "_assessmentWeight": 1,
      "_isResetOnRevisit": false,
      "_attempts": -1
    },
    "_trickle": {
      "_isEnabled": true,
      "_autoScroll": true,
      "_scrollDuration": 500,
      "_onChildren": true,
      "_scrollTo": "@block +1",
      "_button": {
        "_isEnabled": true,
        "_styleBeforeCompletion": "hidden",
        "_styleAfterClick": "scroll",
        "_isFullWidth": true,
        "_autoHide": true,
        "_className": "",
        "text": "Continue",
        "startText": "Begin",
        "finalText": "Finish",
        "_component": "trickle-button"
      },
      "_stepLocking": {
        "_isEnabled": true,
        "_isCompletionRequired": true,
        "_isLockedOnRevisit": false
      }
    },
    "_articleBlockSlider": {
      "_isEnabled": false,
      "_slideAnimationDuration": 600,
      "_heightAnimationDuration": 300,
      "_isEnabledOnScreenSizes": "large",
      "_hasTabs": false,
      "_hasArrows": true,
      "_startIndex": 0,
      "_hasUniformHeight": true,
      "_minHeight": 700
    },
    "_blockSlider": {
      "_isEnabled": false,
      "_arrows": {
        "_isActive": true
      },
      "_tabs": {
        "_isActive": true,
        "_useBlockTitle": false
      },
      "_initial": 1,
      "_height": "auto"
    }
  },
  {
    "_id": "5804b24e0f7921e41c7f83a9",
    "_type": "article",
    "_parentId": "5804b24e0f7921e41c7f83a8",
    "_isAvailable": true,
    "_isOptional": false,
    "_classes": "types",
    "body": "",
    "displayTitle": "Types of e-learning courses",
    "title": "Types of e-learning courses",
    "_assessment": {
      "_isEnabled": true,
      "_id": "types1",
      "_banks": {
        "_isEnabled": false,
        "_split": "",
        "_randomisation": false
      },
      "_randomisation": {
        "_isEnabled": false,
        "_blockCount": 1
      },
      "_questions": {
        "_resetType": "soft",
        "_canShowFeedback": false,
        "_canShowMarking": false,
        "_canShowModelAnswer": false
      },
      "_isPercentageBased": false,
      "_scoreToPass": 60,
      "_includeInTotalScore": false,
      "_assessmentWeight": 1,
      "_isResetOnRevisit": false,
      "_attempts": -1
    },
    "_trickle": {
      "_isEnabled": false,
      "_autoScroll": false,
      "_scrollDuration": 500,
      "_onChildren": false,
      "_scrollTo": "@block +1",
      "_button": {
        "_isEnabled": false,
        "_styleBeforeCompletion": "hidden",
        "_styleAfterClick": "hidden",
        "_isFullWidth": true,
        "_autoHide": true,
        "_className": "",
        "text": "Continue",
        "startText": "Begin",
        "finalText": "Finish",
        "_component": "trickle-button"
      },
      "_stepLocking": {
        "_isEnabled": false,
        "_isCompletionRequired": false,
        "_isLockedOnRevisit": false
      }
    },
    "_articleBlockSlider": {
      "_isEnabled": true,
      "_slideAnimationDuration": 600,
      "_heightAnimationDuration": 300,
      "_isEnabledOnScreenSizes": "large",
      "_hasTabs": true,
      "_hasArrows": false,
      "_startIndex": 0,
      "_hasUniformHeight": true,
      "_minHeight": 1000
    },
    "_blockSlider": {
      "_isEnabled": false,
      "_arrows": {
        "_isActive": false
      },
      "_tabs": {
        "_isActive": true,
        "_useBlockTitle": false
      },
      "_initial": 1,
      "_height": "auto"
    }
  },
  {
    "_id": "5804c7d70f7921e41c7f83dc",
    "_type": "article",
    "_parentId": "5804c7d70f7921e41c7f83db",
    "_isAvailable": true,
    "_isOptional": false,
    "_classes": "responsive",
    "body": "<p>responsive controls</p>\n",
    "displayTitle": "Controls",
    "title": "Controls",
    "_assessment": {
      "_isEnabled": true,
      "_id": "responsive",
      "_banks": {
        "_isEnabled": false,
        "_split": "",
        "_randomisation": false
      },
      "_randomisation": {
        "_isEnabled": false,
        "_blockCount": 1
      },
      "_questions": {
        "_resetType": "soft",
        "_canShowFeedback": false,
        "_canShowMarking": false,
        "_canShowModelAnswer": false
      },
      "_isPercentageBased": false,
      "_scoreToPass": 60,
      "_includeInTotalScore": false,
      "_assessmentWeight": 1,
      "_isResetOnRevisit": false,
      "_attempts": -1
    },
    "_trickle": {
      "_isEnabled": false,
      "_autoScroll": false,
      "_scrollDuration": 500,
      "_onChildren": false,
      "_scrollTo": "@block +1",
      "_button": {
        "_isEnabled": false,
        "_styleBeforeCompletion": "hidden",
        "_styleAfterClick": "hidden",
        "_isFullWidth": true,
        "_autoHide": true,
        "_className": "",
        "text": "Continue",
        "startText": "Begin",
        "finalText": "Finish",
        "_component": "trickle-button"
      },
      "_stepLocking": {
        "_isEnabled": false,
        "_isCompletionRequired": false,
        "_isLockedOnRevisit": false
      }
    },
    "_articleBlockSlider": {
      "_isEnabled": false,
      "_slideAnimationDuration": 600,
      "_heightAnimationDuration": 300,
      "_isEnabledOnScreenSizes": "large",
      "_hasTabs": false,
      "_hasArrows": true,
      "_startIndex": 0,
      "_hasUniformHeight": true,
      "_minHeight": 900
    },
    "_blockSlider": {
      "_isEnabled": false,
      "_arrows": {
        "_isActive": true
      },
      "_tabs": {
        "_isActive": true,
        "_useBlockTitle": false
      },
      "_initial": 1,
      "_height": "auto"
    }
  },
  {
    "_id": "5804d2e6365431e828462dba",
    "_type": "article",
    "_parentId": "5804d2e6365431e828462db9",
    "_isAvailable": true,
    "_isOptional": false,
    "_classes": "lms",
    "body": "",
    "displayTitle": "LMS",
    "title": "LMS",
    "_assessment": {
      "_isEnabled": true,
      "_id": "lms",
      "_banks": {
        "_isEnabled": false,
        "_split": "",
        "_randomisation": false
      },
      "_randomisation": {
        "_isEnabled": false,
        "_blockCount": 1
      },
      "_questions": {
        "_resetType": "soft",
        "_canShowFeedback": false,
        "_canShowMarking": false,
        "_canShowModelAnswer": false
      },
      "_isPercentageBased": false,
      "_scoreToPass": 60,
      "_includeInTotalScore": false,
      "_assessmentWeight": 1,
      "_isResetOnRevisit": false,
      "_attempts": -1
    },
    "_trickle": {
      "_isEnabled": true,
      "_autoScroll": true,
      "_scrollDuration": 500,
      "_onChildren": true,
      "_scrollTo": "@block +1",
      "_button": {
        "_isEnabled": true,
        "_styleBeforeCompletion": "hidden",
        "_styleAfterClick": "scroll",
        "_isFullWidth": true,
        "_autoHide": true,
        "_className": "",
        "text": "Continue",
        "startText": "Begin",
        "finalText": "Finish",
        "_component": "trickle-button"
      },
      "_stepLocking": {
        "_isEnabled": false,
        "_isCompletionRequired": false,
        "_isLockedOnRevisit": false
      }
    },
    "_articleBlockSlider": {
      "_isEnabled": false,
      "_slideAnimationDuration": 600,
      "_heightAnimationDuration": 300,
      "_isEnabledOnScreenSizes": "large",
      "_hasTabs": false,
      "_hasArrows": true,
      "_startIndex": 0,
      "_hasUniformHeight": true,
      "_minHeight": 900
    },
    "_blockSlider": {
      "_isEnabled": false,
      "_arrows": {
        "_isActive": true
      },
      "_tabs": {
        "_isActive": true,
        "_useBlockTitle": false
      },
      "_initial": 1,
      "_height": "auto"
    }
  },
  {
    "_id": "5804e53f365431e828462dc4",
    "_type": "article",
    "_parentId": "5804e53f365431e828462dc3",
    "_isAvailable": true,
    "_isOptional": false,
    "_classes": "qsummary",
    "body": "",
    "displayTitle": "Quick summary about our course",
    "title": "Quick summary about our course",
    "_assessment": {
      "_isEnabled": false,
      "_id": "qsummary",
      "_banks": {
        "_isEnabled": false,
        "_split": "",
        "_randomisation": false
      },
      "_randomisation": {
        "_isEnabled": false,
        "_blockCount": 1
      },
      "_questions": {
        "_resetType": "soft",
        "_canShowFeedback": false,
        "_canShowMarking": false,
        "_canShowModelAnswer": false
      },
      "_isPercentageBased": false,
      "_scoreToPass": 60,
      "_includeInTotalScore": false,
      "_assessmentWeight": 1,
      "_isResetOnRevisit": false,
      "_attempts": -1
    },
    "_trickle": {
      "_isEnabled": false,
      "_autoScroll": false,
      "_scrollDuration": 500,
      "_onChildren": false,
      "_scrollTo": "@block +1",
      "_button": {
        "_isEnabled": false,
        "_styleBeforeCompletion": "hidden",
        "_styleAfterClick": "hidden",
        "_isFullWidth": true,
        "_autoHide": true,
        "_className": "",
        "text": "Continue",
        "startText": "Begin",
        "finalText": "Finish",
        "_component": "trickle-button"
      },
      "_stepLocking": {
        "_isEnabled": true,
        "_isCompletionRequired": true,
        "_isLockedOnRevisit": false
      }
    },
    "_articleBlockSlider": {
      "_isEnabled": false,
      "_slideAnimationDuration": 600,
      "_heightAnimationDuration": 300,
      "_isEnabledOnScreenSizes": "large",
      "_hasTabs": false,
      "_hasArrows": true,
      "_startIndex": 0,
      "_hasUniformHeight": true,
      "_minHeight": 900
    },
    "_blockSlider": {
      "_isEnabled": true,
      "_arrows": {
        "_isActive": true
      },
      "_tabs": {
        "_isActive": false,
        "_useBlockTitle": false
      },
      "_initial": 1,
      "_height": "auto"
    }
  }
]