[
  {
    "_id": "580498270f7921e41c7f8396",
    "_type": "block",
    "_parentId": "580498270f7921e41c7f8395",
    "_isAvailable": true,
    "_isOptional": false,
    "_trackingId": 1,
    "_classes": "adapt",
    "body": "<p>Short description about E-Learning</p>\n",
    "displayTitle": "Welcome to the E-Learning",
    "title": "Welcome to the E-Learning",
    "_assessment": {
      "_quizBankID": 1
    },
    "_trickle": {
      "_isEnabled": true,
      "_autoScroll": true,
      "_scrollDuration": 500,
      "_scrollTo": "@block +1",
      "_button": {
        "_isEnabled": true,
        "_styleBeforeCompletion": "hidden",
        "_styleAfterClick": "scroll",
        "_isFullWidth": true,
        "_autoHide": true,
        "_className": "",
        "text": "Continue",
        "startText": "Begin",
        "finalText": "Finish",
        "_component": "trickle-button"
      },
      "_stepLocking": {
        "_isEnabled": true,
        "_isCompletionRequired": true,
        "_isLockedOnRevisit": false
      }
    },
    "_backgroundSwitcher": {
      "mobileSrc": "course/en/assets/c0db1133ab4347ee4713f7567bf5ece8179a1d48.png",
      "src": "course/en/assets/c0db1133ab4347ee4713f7567bf5ece8179a1d48.png"
    }
  },
  {
    "_id": "5804b24e0f7921e41c7f83aa",
    "_type": "block",
    "_parentId": "5804b24e0f7921e41c7f83a9",
    "_isAvailable": true,
    "_isOptional": false,
    "_trackingId": 2,
    "_classes": "types-block",
    "body": "<p>-Aplication</p>\n\n<p>-Responsive</p>\n",
    "displayTitle": "",
    "title": "Courses",
    "_assessment": {
      "_quizBankID": 1
    },
    "_trickle": {
      "_isEnabled": false,
      "_autoScroll": false,
      "_scrollDuration": 500,
      "_scrollTo": "@block +1",
      "_button": {
        "_isEnabled": false,
        "_styleBeforeCompletion": "hidden",
        "_styleAfterClick": "hidden",
        "_isFullWidth": true,
        "_autoHide": true,
        "_className": "",
        "text": "Continue",
        "startText": "Begin",
        "finalText": "Finish",
        "_component": "trickle-button"
      },
      "_stepLocking": {
        "_isEnabled": true,
        "_isCompletionRequired": true,
        "_isLockedOnRevisit": false
      }
    },
    "_backgroundSwitcher": {
      "mobileSrc": "course/en/assets/21c63783035b19ae8f5c374571d459577f80a87f.PNG",
      "src": "course/en/assets/21c63783035b19ae8f5c374571d459577f80a87f.PNG"
    }
  },
  {
    "_id": "5804c7d80f7921e41c7f83dd",
    "_type": "block",
    "_parentId": "5804c7d70f7921e41c7f83dc",
    "_isAvailable": true,
    "_isOptional": false,
    "_trackingId": 3,
    "_classes": "controls",
    "body": "<p>control by slider</p>\n",
    "displayTitle": "control by slider",
    "title": "control by slider",
    "_assessment": {
      "_quizBankID": 1
    },
    "_trickle": {
      "_isEnabled": false,
      "_autoScroll": false,
      "_scrollDuration": 500,
      "_scrollTo": "@block +1",
      "_button": {
        "_isEnabled": false,
        "_styleBeforeCompletion": "hidden",
        "_styleAfterClick": "hidden",
        "_isFullWidth": true,
        "_autoHide": true,
        "_className": "",
        "text": "Continue",
        "startText": "Begin",
        "finalText": "Finish",
        "_component": "trickle-button"
      },
      "_stepLocking": {
        "_isEnabled": true,
        "_isCompletionRequired": true,
        "_isLockedOnRevisit": false
      }
    },
    "_backgroundSwitcher": {
      "mobileSrc": "course/en/assets/bb030ee3a6fddd6b33722efb56c7f0cb503ce049.jpg",
      "src": "course/en/assets/bb030ee3a6fddd6b33722efb56c7f0cb503ce049.jpg"
    }
  },
  {
    "_id": "5804d2e6365431e828462dbb",
    "_type": "block",
    "_parentId": "5804d2e6365431e828462dba",
    "_isAvailable": true,
    "_isOptional": false,
    "_trackingId": 4,
    "_classes": "desc_lms",
    "body": "",
    "displayTitle": "Description",
    "title": "desription",
    "_assessment": {
      "_quizBankID": 1
    },
    "_trickle": {
      "_isEnabled": true,
      "_autoScroll": true,
      "_scrollDuration": 500,
      "_scrollTo": "@block +1",
      "_button": {
        "_isEnabled": true,
        "_styleBeforeCompletion": "hidden",
        "_styleAfterClick": "scroll",
        "_isFullWidth": true,
        "_autoHide": true,
        "_className": "",
        "text": "Continue",
        "startText": "Begin",
        "finalText": "Finish",
        "_component": "trickle-button"
      },
      "_stepLocking": {
        "_isEnabled": true,
        "_isCompletionRequired": true,
        "_isLockedOnRevisit": false
      }
    },
    "_backgroundSwitcher": {
      "mobileSrc": "course/en/assets/75332859557c37667b3481c301ed8cf58548a5eb.png",
      "src": "course/en/assets/75332859557c37667b3481c301ed8cf58548a5eb.png"
    }
  },
  {
    "_id": "5804e53f365431e828462dc5",
    "_type": "block",
    "_parentId": "5804e53f365431e828462dc4",
    "_isAvailable": true,
    "_isOptional": false,
    "_trackingId": 5,
    "_classes": "bSummary",
    "body": "",
    "displayTitle": "Summary",
    "title": "Summary",
    "_assessment": {
      "_quizBankID": 1
    },
    "_trickle": {
      "_isEnabled": false,
      "_autoScroll": false,
      "_scrollDuration": 500,
      "_scrollTo": "@block +1",
      "_button": {
        "_isEnabled": false,
        "_styleBeforeCompletion": "hidden",
        "_styleAfterClick": "hidden",
        "_isFullWidth": true,
        "_autoHide": true,
        "_className": "",
        "text": "Continue",
        "startText": "Begin",
        "finalText": "Finish",
        "_component": "trickle-button"
      },
      "_stepLocking": {
        "_isEnabled": true,
        "_isCompletionRequired": true,
        "_isLockedOnRevisit": false
      }
    },
    "_backgroundSwitcher": {
      "mobileSrc": "course/en/assets/e5b9587cb6bbc5b9b5dfcc8eb363a52cbb259cae.PNG",
      "src": "course/en/assets/e5b9587cb6bbc5b9b5dfcc8eb363a52cbb259cae.PNG"
    }
  },
  {
    "_id": "5804b5120f7921e41c7f83b0",
    "_type": "block",
    "_parentId": "5804b24e0f7921e41c7f83a9",
    "_isAvailable": true,
    "_isOptional": false,
    "_trackingId": 6,
    "_classes": "slider-types",
    "body": "",
    "displayTitle": "",
    "title": "slider",
    "_assessment": {
      "_quizBankID": 5
    },
    "_trickle": {
      "_isEnabled": false,
      "_autoScroll": false,
      "_scrollDuration": 500,
      "_scrollTo": "@block +1",
      "_button": {
        "_isEnabled": false,
        "_styleBeforeCompletion": "hidden",
        "_styleAfterClick": "hidden",
        "_isFullWidth": true,
        "_autoHide": true,
        "_className": "",
        "text": "Continue",
        "startText": "Begin",
        "finalText": "Finish",
        "_component": "trickle-button"
      },
      "_stepLocking": {
        "_isEnabled": true,
        "_isCompletionRequired": true,
        "_isLockedOnRevisit": false
      }
    },
    "_backgroundSwitcher": {
      "mobileSrc": "course/en/assets/ceaa220de93b1eccbd1ea6edfb1a8a8f364c0a4f.jpg",
      "src": "course/en/assets/ceaa220de93b1eccbd1ea6edfb1a8a8f364c0a4f.jpg"
    }
  },
  {
    "_id": "5804cdda365431e828462db4",
    "_type": "block",
    "_parentId": "5804c7d70f7921e41c7f83dc",
    "_isAvailable": true,
    "_isOptional": false,
    "_trackingId": 7,
    "_classes": "need",
    "body": "<p>What we need</p>\n",
    "displayTitle": "What we need",
    "title": "What we need",
    "_assessment": {
      "_quizBankID": 1
    },
    "_trickle": {
      "_isEnabled": false,
      "_autoScroll": false,
      "_scrollDuration": 500,
      "_scrollTo": "@block +1",
      "_button": {
        "_isEnabled": false,
        "_styleBeforeCompletion": "hidden",
        "_styleAfterClick": "hidden",
        "_isFullWidth": true,
        "_autoHide": true,
        "_className": "",
        "text": "Continue",
        "startText": "Begin",
        "finalText": "Finish",
        "_component": "trickle-button"
      },
      "_stepLocking": {
        "_isEnabled": true,
        "_isCompletionRequired": true,
        "_isLockedOnRevisit": false
      }
    },
    "_backgroundSwitcher": {
      "mobileSrc": "course/en/assets/2131bbcfaa76e867ce8122b7ee2d8635fa1ad3f5.jpg",
      "src": "course/en/assets/2131bbcfaa76e867ce8122b7ee2d8635fa1ad3f5.jpg"
    }
  },
  {
    "_id": "5806251a365431e828462dcd",
    "_type": "block",
    "_parentId": "580498270f7921e41c7f8395",
    "_isAvailable": true,
    "_isOptional": false,
    "_trackingId": 8,
    "_classes": "",
    "body": "",
    "displayTitle": "",
    "title": "ourservice",
    "_assessment": {
      "_quizBankID": 1
    },
    "_trickle": {
      "_isEnabled": true,
      "_autoScroll": true,
      "_scrollDuration": 500,
      "_scrollTo": "@block +1",
      "_button": {
        "_isEnabled": true,
        "_styleBeforeCompletion": "hidden",
        "_styleAfterClick": "scroll",
        "_isFullWidth": true,
        "_autoHide": true,
        "_className": "",
        "text": "Continue",
        "startText": "Begin",
        "finalText": "Finish",
        "_component": "trickle-button"
      },
      "_stepLocking": {
        "_isEnabled": true,
        "_isCompletionRequired": true,
        "_isLockedOnRevisit": false
      }
    },
    "_backgroundSwitcher": {
      "mobileSrc": "course/en/assets/68e2f303b417a55ef795a7c27682dc52482d00ae.png",
      "src": "course/en/assets/68e2f303b417a55ef795a7c27682dc52482d00ae.png"
    }
  },
  {
    "_id": "580f1aef365431e828462df0",
    "_type": "block",
    "_parentId": "5804d2e6365431e828462dba",
    "_isAvailable": true,
    "_isOptional": false,
    "_trackingId": 9,
    "_classes": "",
    "body": "",
    "displayTitle": "",
    "title": "video",
    "_assessment": {
      "_quizBankID": 1
    },
    "_trickle": {
      "_isEnabled": true,
      "_autoScroll": true,
      "_scrollDuration": 500,
      "_scrollTo": "@block +1",
      "_button": {
        "_isEnabled": true,
        "_styleBeforeCompletion": "hidden",
        "_styleAfterClick": "scroll",
        "_isFullWidth": true,
        "_autoHide": true,
        "_className": "",
        "text": "Continue",
        "startText": "Begin",
        "finalText": "Finish",
        "_component": "trickle-button"
      },
      "_stepLocking": {
        "_isEnabled": true,
        "_isCompletionRequired": true,
        "_isLockedOnRevisit": false
      }
    },
    "_backgroundSwitcher": {
      "mobileSrc": "course/en/assets/03e1d38c1ce978c055a76036d08e2a0c652173c9.png",
      "src": "course/en/assets/4af398fd046827f5c8d6f1584d14912d0d938da0.jpg"
    }
  },
  {
    "_id": "580f455a365431e828462e04",
    "_type": "block",
    "_parentId": "5804e53f365431e828462dc4",
    "_isAvailable": true,
    "_isOptional": false,
    "_trackingId": 10,
    "_classes": "",
    "body": "",
    "displayTitle": "Block title",
    "title": "Block title",
    "_backgroundSwitcher": {
      "src": "",
      "mobileSrc": ""
    },
    "_trickle": {
      "_stepLocking": {
        "_isLockedOnRevisit": false,
        "_isCompletionRequired": true,
        "_isEnabled": true
      },
      "_button": {
        "_component": "trickle-button",
        "finalText": "Finish",
        "startText": "Begin",
        "text": "Continue",
        "_className": "",
        "_autoHide": "true",
        "_isFullWidth": "true",
        "_styleAfterClick": "hidden",
        "_styleBeforeCompletion": "hidden",
        "_isEnabled": false
      },
      "_scrollTo": "@block +1",
      "_scrollDuration": 500,
      "_autoScroll": false,
      "_isEnabled": false
    },
    "_assessment": {
      "_quizBankID": 1
    }
  },
  {
    "_id": "5804adde0f7921e41c7f839b",
    "_type": "block",
    "_parentId": "580498270f7921e41c7f8395",
    "_isAvailable": true,
    "_isOptional": false,
    "_trackingId": 11,
    "_classes": "checklist",
    "body": "",
    "displayTitle": "",
    "title": "checklist",
    "_assessment": {
      "_quizBankID": 2
    },
    "_trickle": {
      "_isEnabled": true,
      "_autoScroll": true,
      "_scrollDuration": 500,
      "_scrollTo": "@block +1",
      "_button": {
        "_isEnabled": true,
        "_styleBeforeCompletion": "hidden",
        "_styleAfterClick": "scroll",
        "_isFullWidth": true,
        "_autoHide": true,
        "_className": "",
        "text": "Continue",
        "startText": "Begin",
        "finalText": "Finish",
        "_component": "trickle-button"
      },
      "_stepLocking": {
        "_isEnabled": true,
        "_isCompletionRequired": true,
        "_isLockedOnRevisit": false
      }
    },
    "_backgroundSwitcher": {
      "mobileSrc": "course/en/assets/678d4a8c8df360dc6dc57c8f58a565afc5eebe56.png",
      "src": "course/en/assets/678d4a8c8df360dc6dc57c8f58a565afc5eebe56.png"
    }
  },
  {
    "_id": "5804b9e50f7921e41c7f83bb",
    "_type": "block",
    "_parentId": "5804b24e0f7921e41c7f83a9",
    "_isAvailable": true,
    "_isOptional": false,
    "_trackingId": 12,
    "_classes": "Communication",
    "body": "<p>Communication - SCORM - AICC</p>\n",
    "displayTitle": "Communication",
    "title": "Communication",
    "_assessment": {
      "_quizBankID": 1
    },
    "_trickle": {
      "_isEnabled": false,
      "_autoScroll": false,
      "_scrollDuration": 500,
      "_scrollTo": "@block +1",
      "_button": {
        "_isEnabled": false,
        "_styleBeforeCompletion": "hidden",
        "_styleAfterClick": "hidden",
        "_isFullWidth": true,
        "_autoHide": true,
        "_className": "",
        "text": "Continue",
        "startText": "Begin",
        "finalText": "Finish",
        "_component": "trickle-button"
      },
      "_stepLocking": {
        "_isEnabled": true,
        "_isCompletionRequired": true,
        "_isLockedOnRevisit": false
      }
    },
    "_backgroundSwitcher": {
      "mobileSrc": "course/en/assets/ffeec57b8f113d5cfa8a57eb927d669312b2f4a0.PNG",
      "src": "course/en/assets/ffeec57b8f113d5cfa8a57eb927d669312b2f4a0.PNG"
    }
  },
  {
    "_id": "580f1bac365431e828462df5",
    "_type": "block",
    "_parentId": "5804d2e6365431e828462dba",
    "_isAvailable": true,
    "_isOptional": false,
    "_trackingId": 13,
    "_classes": "",
    "body": "",
    "displayTitle": "",
    "title": "video2",
    "_assessment": {
      "_quizBankID": 1
    },
    "_trickle": {
      "_isEnabled": true,
      "_autoScroll": true,
      "_scrollDuration": 500,
      "_scrollTo": "@block +1",
      "_button": {
        "_isEnabled": true,
        "_styleBeforeCompletion": "hidden",
        "_styleAfterClick": "scroll",
        "_isFullWidth": true,
        "_autoHide": true,
        "_className": "",
        "text": "Continue",
        "startText": "Begin",
        "finalText": "Finish",
        "_component": "trickle-button"
      },
      "_stepLocking": {
        "_isEnabled": true,
        "_isCompletionRequired": true,
        "_isLockedOnRevisit": false
      }
    },
    "_backgroundSwitcher": {
      "mobileSrc": "course/en/assets/edd1c2b91bb2a7f08705957bfb09b246ffc38113.png",
      "src": "course/en/assets/f6049ec60481f04f9f96dffb353281c26b1ddf7b.jpg"
    }
  },
  {
    "_id": "580f5df7365431e828462e10",
    "_type": "block",
    "_parentId": "5804e53f365431e828462dc4",
    "_isAvailable": true,
    "_isOptional": false,
    "_trackingId": 14,
    "_classes": "",
    "body": "",
    "displayTitle": "drag and drop",
    "title": "drag and drop",
    "_assessment": {
      "_quizBankID": 1
    },
    "_trickle": {
      "_isEnabled": false,
      "_autoScroll": false,
      "_scrollDuration": 500,
      "_scrollTo": "@block +1",
      "_button": {
        "_isEnabled": false,
        "_styleBeforeCompletion": "hidden",
        "_styleAfterClick": "hidden",
        "_isFullWidth": true,
        "_autoHide": true,
        "_className": "",
        "text": "Continue",
        "startText": "Begin",
        "finalText": "Finish",
        "_component": "trickle-button"
      },
      "_stepLocking": {
        "_isEnabled": true,
        "_isCompletionRequired": true,
        "_isLockedOnRevisit": false
      }
    },
    "_backgroundSwitcher": {
      "mobileSrc": "course/en/assets/03e1d38c1ce978c055a76036d08e2a0c652173c9.png",
      "src": "course/en/assets/03e1d38c1ce978c055a76036d08e2a0c652173c9.png"
    }
  },
  {
    "_id": "5804c3540f7921e41c7f83c7",
    "_type": "block",
    "_parentId": "5804b24e0f7921e41c7f83a9",
    "_isAvailable": true,
    "_isOptional": false,
    "_trackingId": 15,
    "_classes": "Player",
    "body": "<p>Player functionality - slider</p>\n",
    "displayTitle": "Player ",
    "title": "Player ",
    "_assessment": {
      "_quizBankID": 7
    },
    "_trickle": {
      "_isEnabled": false,
      "_autoScroll": false,
      "_scrollDuration": 500,
      "_scrollTo": "@block +1",
      "_button": {
        "_isEnabled": false,
        "_styleBeforeCompletion": "hidden",
        "_styleAfterClick": "hidden",
        "_isFullWidth": true,
        "_autoHide": true,
        "_className": "",
        "text": "Continue",
        "startText": "Begin",
        "finalText": "Finish",
        "_component": "trickle-button"
      },
      "_stepLocking": {
        "_isEnabled": true,
        "_isCompletionRequired": true,
        "_isLockedOnRevisit": false
      }
    },
    "_backgroundSwitcher": {
      "mobileSrc": "course/en/assets/482fe3a81748410bac48cc71cc46bdc7bdad5521.PNG",
      "src": "course/en/assets/482fe3a81748410bac48cc71cc46bdc7bdad5521.PNG"
    }
  },
  {
    "_id": "580e0409365431e828462dea",
    "_type": "block",
    "_parentId": "5804c7d70f7921e41c7f83dc",
    "_isAvailable": true,
    "_isOptional": false,
    "_trackingId": 16,
    "_classes": "",
    "body": "",
    "displayTitle": "Block title",
    "title": "Block title",
    "_assessment": {
      "_quizBankID": 1
    },
    "_trickle": {
      "_isEnabled": true,
      "_autoScroll": true,
      "_scrollDuration": 500,
      "_scrollTo": "@block +1",
      "_button": {
        "_isEnabled": false,
        "_styleBeforeCompletion": "hidden",
        "_styleAfterClick": "hidden",
        "_isFullWidth": true,
        "_autoHide": true,
        "_className": "",
        "text": "Continue",
        "startText": "Begin",
        "finalText": "Finish",
        "_component": "trickle-button"
      },
      "_stepLocking": {
        "_isEnabled": true,
        "_isCompletionRequired": true,
        "_isLockedOnRevisit": false
      }
    },
    "_backgroundSwitcher": {
      "mobileSrc": "course/en/assets/edd1c2b91bb2a7f08705957bfb09b246ffc38113.png",
      "src": "course/en/assets/f6049ec60481f04f9f96dffb353281c26b1ddf7b.jpg"
    }
  },
  {
    "_id": "580f73b4365431e828462e25",
    "_type": "block",
    "_parentId": "5804e53f365431e828462dc4",
    "_isAvailable": true,
    "_isOptional": false,
    "_trackingId": 17,
    "_classes": "",
    "body": "",
    "displayTitle": "",
    "title": "Block title",
    "_assessment": {
      "_quizBankID": 1
    },
    "_trickle": {
      "_isEnabled": false,
      "_autoScroll": false,
      "_scrollDuration": 500,
      "_scrollTo": "@block +1",
      "_button": {
        "_isEnabled": false,
        "_styleBeforeCompletion": "hidden",
        "_styleAfterClick": "hidden",
        "_isFullWidth": true,
        "_autoHide": true,
        "_className": "",
        "text": "Continue",
        "startText": "Begin",
        "finalText": "Finish",
        "_component": "trickle-button"
      },
      "_stepLocking": {
        "_isEnabled": true,
        "_isCompletionRequired": true,
        "_isLockedOnRevisit": false
      }
    },
    "_backgroundSwitcher": {
      "mobileSrc": "course/en/assets/03e1d38c1ce978c055a76036d08e2a0c652173c9.png",
      "src": "course/en/assets/03e1d38c1ce978c055a76036d08e2a0c652173c9.png"
    }
  },
  {
    "_id": "580625fd365431e828462dd1",
    "_type": "block",
    "_parentId": "5804b24e0f7921e41c7f83a9",
    "_isAvailable": true,
    "_isOptional": false,
    "_trackingId": 18,
    "_classes": "",
    "body": "",
    "displayTitle": "",
    "title": "Video",
    "_assessment": {
      "_quizBankID": 1
    },
    "_trickle": {
      "_isEnabled": false,
      "_autoScroll": false,
      "_scrollDuration": 500,
      "_scrollTo": "@block +1",
      "_button": {
        "_isEnabled": false,
        "_styleBeforeCompletion": "hidden",
        "_styleAfterClick": "hidden",
        "_isFullWidth": true,
        "_autoHide": true,
        "_className": "",
        "text": "Continue",
        "startText": "Begin",
        "finalText": "Finish",
        "_component": "trickle-button"
      },
      "_stepLocking": {
        "_isEnabled": true,
        "_isCompletionRequired": true,
        "_isLockedOnRevisit": false
      }
    },
    "_backgroundSwitcher": {
      "mobileSrc": "course/en/assets/a1303ce546b357796bde1f606cadc06eef6e35e3.jpg",
      "src": "course/en/assets/a1303ce546b357796bde1f606cadc06eef6e35e3.jpg"
    }
  }
]