[
  {
    "_id": "580498270f7921e41c7f8394",
    "_type": "page",
    "_parentId": "course",
    "_graphic": {
      "alt": "welcome",
      "src": "course/en/assets/7c4d3a295892f7289d4d053280d9bd6ee4643ea4.png"
    },
    "_isAvailable": true,
    "_isOptional": false,
    "_lockedBy": [],
    "duration": "5 min",
    "linkText": "View",
    "_classes": "welcome",
    "body": "",
    "displayTitle": "Welcome to the E-Learning",
    "title": "Welcome to the E-Learning",
    "_pageLevelProgress": {
      "_isEnabled": true,
      "_showPageCompletion": true
    },
    "_bookmarking": {
      "_isEnabled": true,
      "_level": "page"
    },
    "_backgroundSwitcher": {
      "_isActive": true
    },
    "_pageIncompletePrompt": {
      "_isEnabled": true
    },
    "_quicknav": {
      "_isEnabled": true,
      "_isEnableNextOnCompletion": true,
      "_isContinuous": "global",
      "_injectIntoSelector": "",
      "_buttons": {
        "_hasIcons": false,
        "_root": {
          "_isHidden": false,
          "text": "Go to main menu",
          "_icon": ""
        },
        "_up": {
          "_isHidden": true,
          "text": "Back to menu",
          "_icon": ""
        },
        "_previous": {
          "_isHidden": false,
          "text": "< Previous",
          "_icon": ""
        },
        "_next": {
          "_isHidden": false,
          "text": "Next >",
          "_icon": ""
        }
      }
    }
  },
  {
    "_id": "5804b24e0f7921e41c7f83a8",
    "_type": "page",
    "_parentId": "course",
    "_graphic": {
      "alt": "",
      "src": "course/en/assets/49cc172fe2eb23c77ece5ec71f30dd292e429ebd.png"
    },
    "_isAvailable": true,
    "_isOptional": false,
    "_lockedBy": [
      "welcome"
    ],
    "duration": "5 min",
    "linkText": "View",
    "_classes": "types",
    "body": "",
    "displayTitle": "Types of e-learning courses",
    "title": "Types of e-learning courses",
    "_pageLevelProgress": {
      "_isEnabled": true,
      "_showPageCompletion": true
    },
    "_bookmarking": {
      "_isEnabled": true,
      "_level": "page"
    },
    "_backgroundSwitcher": {
      "_isActive": false
    },
    "_pageIncompletePrompt": {
      "_isEnabled": true
    },
    "_quicknav": {
      "_isEnabled": true,
      "_isEnableNextOnCompletion": true,
      "_isContinuous": "global",
      "_injectIntoSelector": "",
      "_buttons": {
        "_hasIcons": false,
        "_root": {
          "_isHidden": false,
          "text": "Go to main menu",
          "_icon": ""
        },
        "_up": {
          "_isHidden": true,
          "text": "Back to menu",
          "_icon": ""
        },
        "_previous": {
          "_isHidden": false,
          "text": "< Previous",
          "_icon": ""
        },
        "_next": {
          "_isHidden": false,
          "text": "Next >",
          "_icon": ""
        }
      }
    }
  },
  {
    "_id": "5804c7d70f7921e41c7f83db",
    "_type": "page",
    "_parentId": "course",
    "_graphic": {
      "alt": "responsive",
      "src": "course/en/assets/eb56acf5918787ed6f427c7f2581bd1134b2f254.png"
    },
    "_isAvailable": true,
    "_isOptional": false,
    "_lockedBy": [],
    "duration": "5 min",
    "linkText": "View",
    "_classes": "responsive",
    "body": "",
    "displayTitle": "Responsive Course",
    "title": "Responsive Course",
    "_pageLevelProgress": {
      "_isEnabled": true,
      "_showPageCompletion": true
    },
    "_bookmarking": {
      "_isEnabled": true,
      "_level": "page"
    },
    "_backgroundSwitcher": {
      "_isActive": false
    },
    "_pageIncompletePrompt": {
      "_isEnabled": true
    },
    "_quicknav": {
      "_isEnabled": true,
      "_isEnableNextOnCompletion": true,
      "_isContinuous": "global",
      "_injectIntoSelector": "",
      "_buttons": {
        "_hasIcons": false,
        "_root": {
          "_isHidden": false,
          "text": "Go to main menu",
          "_icon": ""
        },
        "_up": {
          "_isHidden": true,
          "text": "Back to menu",
          "_icon": ""
        },
        "_previous": {
          "_isHidden": false,
          "text": "< Previous",
          "_icon": ""
        },
        "_next": {
          "_isHidden": false,
          "text": "Next >",
          "_icon": ""
        }
      }
    }
  },
  {
    "_id": "5804d2e6365431e828462db9",
    "_type": "page",
    "_parentId": "course",
    "_graphic": {
      "alt": "lms",
      "src": "course/en/assets/5991aecad287b52b12abf53ddf1eea8d68ebe3f5.png"
    },
    "_isAvailable": true,
    "_isOptional": false,
    "_lockedBy": [],
    "duration": "5 min",
    "linkText": "View",
    "_classes": "lms",
    "body": "",
    "displayTitle": "LMS",
    "title": "LMS",
    "_pageLevelProgress": {
      "_isEnabled": true,
      "_showPageCompletion": true
    },
    "_bookmarking": {
      "_isEnabled": true,
      "_level": "page"
    },
    "_backgroundSwitcher": {
      "_isActive": false
    },
    "_pageIncompletePrompt": {
      "_isEnabled": true
    },
    "_quicknav": {
      "_isEnabled": true,
      "_isEnableNextOnCompletion": true,
      "_isContinuous": "global",
      "_injectIntoSelector": "",
      "_buttons": {
        "_hasIcons": false,
        "_root": {
          "_isHidden": false,
          "text": "Go to main menu",
          "_icon": ""
        },
        "_up": {
          "_isHidden": true,
          "text": "Back to menu",
          "_icon": ""
        },
        "_previous": {
          "_isHidden": false,
          "text": "< Previous",
          "_icon": ""
        },
        "_next": {
          "_isHidden": false,
          "text": "Next >",
          "_icon": ""
        }
      }
    }
  },
  {
    "_id": "5804e53f365431e828462dc3",
    "_type": "page",
    "_parentId": "course",
    "_graphic": {
      "alt": "",
      "src": "course/en/assets/e5b9587cb6bbc5b9b5dfcc8eb363a52cbb259cae.PNG"
    },
    "_isAvailable": false,
    "_isOptional": false,
    "_lockedBy": [],
    "duration": "Summary",
    "linkText": "View",
    "_classes": "Summary",
    "body": "",
    "displayTitle": "Summary",
    "title": "Summary",
    "_pageLevelProgress": {
      "_isEnabled": true,
      "_showPageCompletion": true
    },
    "_bookmarking": {
      "_isEnabled": true,
      "_level": "page"
    },
    "_backgroundSwitcher": {
      "_isActive": false
    },
    "_pageIncompletePrompt": {
      "_isEnabled": true
    },
    "_quicknav": {
      "_isEnabled": false,
      "_isEnableNextOnCompletion": true,
      "_isContinuous": "global",
      "_injectIntoSelector": "",
      "_buttons": {
        "_hasIcons": false,
        "_root": {
          "_isHidden": false,
          "text": "Go to main menu",
          "_icon": ""
        },
        "_up": {
          "_isHidden": true,
          "text": "Back to menu",
          "_icon": ""
        },
        "_previous": {
          "_isHidden": false,
          "text": "< Previous",
          "_icon": ""
        },
        "_next": {
          "_isHidden": false,
          "text": "Next >",
          "_icon": ""
        }
      }
    }
  }
]