{
  "_id": "course",
  "_globals": {
    "_components": {
      "_hotgrid": {
        "ariaRegion": "This component contains selectable grid items. Select an item to trigger a popup that includes an image with display text. Select the close button to close the popup."
      },
      "_media": {
        "transcriptButton": "Alternatively you can select the link below for the transcript.",
        "ariaRegion": "This is a media component which plays a video. Select the play / pause button to watch or listen."
      },
      "_hotgraphic": {
        "ariaPoupupLabel": "Hotgraphic popup",
        "ariaRegion": "Below is a component which allows you to select hot spots over an image. Select a hot spot to trigger a popup that includes an image with display text. Select the close button to close the popup."
      },
      "_narrative": {
        "ariaRegion": "This component displays an image gallery with accompanying text. Use the next and back navigation controls to work through the narrative."
      },
      "_accordion": {
        "ariaRegion": "This component is an accordion comprised of collapsible content panels containing display text. Select the item titles to toggle the visibility of these content panels."
      },
      "_text": {
        "ariaRegion": ""
      },
      "_graphic": {
        "ariaRegion": ""
      },
      "_matching": {
        "ariaRegion": "This question component requires you to select the matching answer from a drop down list below. When you have selected your answers select the submit button."
      },
      "_slider": {
        "ariaRegion": "This component requires you to answer the question by selecting the relevant value. After selecting a value select the submit button below."
      },
      "_gmcq": {
        "ariaRegion": "This component is a graphical multiple choice question. Once you have selected an option select the submit button below."
      }
    },
    "_extensions": {
      "_pageLevelProgress": {
        "optionalContent": "Optional Content",
        "pageLevelProgressEnd": "You have reached the end of the list of page sections.",
        "pageLevelProgressMenuBar": "You have completed ",
        "pageLevelProgressIndicatorBar": "Progress bar. Select here to view your current progress, and select an item to navigate to it. You have completed ",
        "pageLevelProgress": "Page sections"
      },
      "_hint": {
        "openButtonText": "open hint button",
        "closeButtonText": "close hint button"
      }
    },
    "_accessibility": {
      "_accessibilityToggleTextOn": "Turn accessibility on?",
      "_accessibilityToggleTextOff": "Turn accessibility off?",
      "_accessibilityInstructions": {
        "touch": "Usage instructions. Use swipe left for next. Use swipe right for previous. Use a double tab to select. Use a two finger slide up to go to the top of the page.",
        "notouch": "Usage instructions. Use tab for next. Use shift tab for previous. Use enter to select. Use escape to go to the top of the page.",
        "ipad": "Usage instructions for touchscreens. Use swipe left for next. Use swipe right for previous. Use a double tab to select. Use a two finger slide up to go to the top of the page. Usage instructions for keyboard access. Use left for next. Use right for previous. Use up and down together to select."
      },
      "_ariaLabels": {
        "navigation": "Course navigation bar",
        "menuLoaded": "Menu loaded",
        "menu": "Menu",
        "menuItem": "Menu item",
        "menuViewButton": "Select here to enter",
        "page": "Page",
        "pageLoaded": "Page loaded",
        "previous": "Back",
        "navigationBack": "Navigate back",
        "navigationDrawer": "Open course resources and search",
        "closeResources": "Close resources",
        "drawerBack": "Back to drawer",
        "drawer": "Side drawer",
        "closePopup": "Close popup",
        "next": "Next",
        "done": "Done",
        "complete": "Complete",
        "incomplete": "Incomplete",
        "correct": "Correct",
        "locked": "Locked",
        "accessibilityToggleButton": "By selecting this button you can set whether accessibility is turned on or off",
        "feedbackPopUp": "Popup opened",
        "visited": "Visited",
        "menuBack": "Back to menu",
        "menuIndicatorHeading": "Menu item heading "
      }
    }
  },
  "_start": {
    "_isMenuDisabled": true,
    "_force": true,
    "_startIds": [
      {
        "_className": "welcome",
        "_skipIfComplete": false,
        "_id": "welcome"
      }
    ],
    "_isEnabled": true
  },
  "_type": "course",
  "_lockType": "sequential",
  "_classes": "",
  "_buttons": {
    "disabledAriaLabel": "This button is disabled at the moment",
    "remainingAttemptText": "final attempt",
    "remainingAttemptsText": "remaining attempts",
    "_showFeedback": {
      "ariaLabel": "Show feedback",
      "buttonText": "Show feedback"
    },
    "_hideCorrectAnswer": {
      "ariaLabel": "Hide correct answer",
      "buttonText": "Hide correct answer"
    },
    "_showCorrectAnswer": {
      "ariaLabel": "Show correct answer",
      "buttonText": "Show correct answer"
    },
    "_reset": {
      "ariaLabel": "Reset",
      "buttonText": "Reset"
    },
    "_submit": {
      "ariaLabel": "Submit",
      "buttonText": "Submit"
    }
  },
  "_latestTrackingId": 18,
  "body": "<p>Welcome to the E-Learning with Transperfect</p>\n",
  "displayTitle": "E-Learning",
  "title": "E-Learning",
  "_assessment": {
    "_postTotalScoreToLms": false,
    "_isPercentageBased": false,
    "_scoreToPass": 60,
    "_requireAssessmentPassed": false
  },
  "_pageLevelProgress": {
    "_isEnabled": true,
    "_showPageCompletion": true
  },
  "_resources": {
    "_isEnabled": true,
    "title": "Resources",
    "description": "Click here to view resources for this course",
    "_filterButtons": {
      "all": "All",
      "document": "Documents",
      "media": "Media",
      "link": "Links"
    },
    "_filterAria": {
      "allAria": "View all resources",
      "documentAria": "View document resources",
      "mediaAria": "View media resources",
      "linkAria": "View resource links"
    },
    "_resourcesItems": [
      {
        "_type": "document",
        "title": "structure",
        "description": "structure",
        "_link": "course/en/assets/78a308f407700ac96c0ed8add14495a775359f3a.pdf"
      }
    ]
  },
  "_bookmarking": {
    "_isEnabled": true,
    "_level": "page",
    "title": "Bookmarking",
    "body": "Bookmarking",
    "_buttons": {
      "yes": "Yes",
      "no": "No"
    }
  },
  "_drawerPageNavigation": {
    "_isEnabled": true,
    "title": "Navigation",
    "description": "Click here to navigate this course"
  },
  "_blockSlider": {
    "_isEnabled": true
  },
  "_glossary": {
    "_isEnabled": true,
    "title": "Glossary ",
    "description": "Glossary ",
    "searchPlaceholder": "Search ",
    "searchWithInDescriptionLabel": "Search ",
    "itemNotFoundMessage": "No results found",
    "_glossaryItems": [
      {
        "description": "Adapt learning - build your own E-learning course",
        "term": "Adapt"
      }
    ]
  },
  "_pageIncompletePrompt": {
    "_isEnabled": true,
    "title": "Page incomplete",
    "message": "Are you sure you would like to leave?",
    "_buttons": {
      "yes": "Yes",
      "no": "No"
    }
  }
}